{
	"skin-name": "xenMce",
	"preview-bg": "#fcfcff",
	"text": "#2b485c",
	"text-inverse": "#a5cae4",
	"text-disabled": "#c8c8c8",
	"has-gradients": true,
	"has-radius": true,
	"has-boxshadow": false,
	"btn-text": "#2b485c",
	"btn-text-shadow": "#c8c8c8",
	"btn-bg": "#f0f7fc",
	"btn-bg-hlight": "#d7edfc",
	"btn-border-top": "#c8c8c8",
	"btn-border-right": "#c8c8c8",
	"btn-border-bottom": "#c8c8c8",
	"btn-border-left": "#c8c8c8",
	"btn-split-border": "#a5cae4",
	"btn-primary-text": "#8f6c3f",
	"btn-primary-text-shadow": "#fff4e5",
	"btn-primary-bg": "#fff4e5",
	"btn-primary-bg-hlight": "#f9bc6d",
	"menu-bg": "#f0f7fc",
	"menu-border": "#a5cae4",
	"menuitem-text": "#141414",
	"menuitem-bg-selected": "#a5cae4",
	"menuitem-bg-selected-hlight": "#6cb2e4",
	"menuitem-separator-top": "#d7edfc",
	"menuitem-separator-bottom": "#f0f7fc",
	"menuitem-text-inverse": "#ffffff",
	"menuitem-bg-active": "#f9bc6d",
	"menuitem-text-active": "#ffffff",
	"menuitem-preview-border-active": "#f9bc6d",
	"checkbox-border": "#2b485c",
	"checkbox-border-focus": "#e68c17",
	"panel-border": "#a5cae4",
	"panel-bg": "#d7edfc",
	"panel-bg-hlight": "#f0f7fc",
	"textbox-bg": "#fcfcff",
	"textbox-border": "#6cb2e4",
	"textbox-border-focus": "#2b485c",
	"window-bg": "#f0f7fc",
	"window-border": "#a5cae4",
	"tab-bg": "#a5cae4",
	"tab-bg-hover": "#94c4e6",
	"tab-bg-active": "#d7edfc",
	"tab-border": "#65a5d1",
	"colorbtn-backcolor-bg": "#2c5b89",
	"grid-border": "#d6d6d6",
	"grid-border-active": "#d6d6d6"
}